Protocol_RID,File_Name,URI,File_Bytes,File_MD5
14-3R92,14-3R92_ISH.pdf,Source_Files/14-3R92_ISH.pdf,602961,1a3ef5faa14ddd08e61a5fe07586d2b2
14-3R9C,14-3R9C_FISH.pdf,Source_Files/14-3R9C_FISH.pdf,593128,66345b66b3f260c2828241682f76f9e5
14-3R9P,14-3R9P_One-color_FISH.docx,Source_Files/14-3R9P_One-color_FISH.docx,12914,bfa1332bcebbcdc8ed57cc37471bccb3
14-3RA6,14-3RA6_Two-color_FISH.pdf,Source_Files/14-3RA6_Two-color_FISH.pdf,109381,6d41c31d5969f07577ff34b3237a36d4
14-3RAG,14-3RAG_GAIDO_PROBE.pdf,Source_Files/14-3RAG_GAIDO_PROBE.pdf,104346,e51992dcf2dca9e06ee247be89d8d00f
14-3RCM,14-3RCM_Determination_of_Cellular_Localization_of_ISH_Patterns.docx,Source_Files/14-3RCM_Determination_of_Cellular_Localization_of_ISH_Patterns.docx,7741,6b765a37a810dd14dbc5fd33a13d02fb
14-3RFP,14-3RFP_Library_construction_protocol_for_nanogram_amounts_of_total_RNA_for_RNAseq_-_LOW_VOLUME.docx,Source_Files/14-3RFP_Library_construction_protocol_for_nanogram_amounts_of_total_RNA_for_RNAseq_-_LOW_VOLUME.docx,7795,d616e18d41097fa9c50133ff904ec256
N-H98E,N-H98E_COHN_LCM_Protocol.pdf,Source_Files/N-H98E_COHN_LCM_Protocol.pdf,106447,c92b2c11a34519c4931160152bb30ef1
N-H98G,N-H98G_Cryostat_Sectioning.pdf,Source_Files/N-H98G_Cryostat_Sectioning.pdf,33410,111cd7de775bcc0dc2d4374ad0bba835
N-H98J,N-H98J_Laser_Capture_Microdissection__Adapted_from_the_Arcturus_protocols_.pdf,Source_Files/N-H98J_Laser_Capture_Microdissection__Adapted_from_the_Arcturus_protocols_.pdf,38685,785969fb6a1a3c759b2599b12a43def4
N-H98M,N-H98M_Microarray_Screening.pdf,Source_Files/N-H98M_Microarray_Screening.pdf,21042,745490e23a4ca45612f000d95bef0b05
N-H98P,N-H98P_RNA_Amplification.pdf,Source_Files/N-H98P_RNA_Amplification.pdf,20611,5dcf49a538c2ae807e5f1372da2ebea6
N-H98R,N-H98R_RNA_Isolation.pdf,Source_Files/N-H98R_RNA_Isolation.pdf,20307,e55d1eed70e40f21a7c82859334135fa
N-H98T,N-H98T_Tissue_isolation_and_embedding_in_OCT__Optimal_Cutting_Temperature_Compound_.pdf,Source_Files/N-H98T_Tissue_isolation_and_embedding_in_OCT__Optimal_Cutting_Temperature_Compound_.pdf,28307,80cab99bb1724dca632124c622c45713
N-H98W,N-H98W_Digoxigenin-labelled_Riboprobe_Synthesis_from_a_PCR-generated_DNA_template.pdf,Source_Files/N-H98W_Digoxigenin-labelled_Riboprobe_Synthesis_from_a_PCR-generated_DNA_template.pdf,113286,944721f2c3f94ffdd13b76be85832598
N-H990,N-H990_Immunohistochemistry_on_paraffin_sections.pdf,Source_Files/N-H990_Immunohistochemistry_on_paraffin_sections.pdf,92137,e033585863326420f38c3cb9cdf30211
N-H992,N-H992_Semi-Automated_Section_in_situ_Hybridisation_for_7_m_paraffin_sections.pdf,Source_Files/N-H992_Semi-Automated_Section_in_situ_Hybridisation_for_7_m_paraffin_sections.pdf,94393,990019c170f9e13f11c626d786c15fa0
N-H994,N-H994_Semi-Automated_Whole_Mount_in_situ_Hybridisation.pdf,Source_Files/N-H994_Semi-Automated_Whole_Mount_in_situ_Hybridisation.pdf,169719,472bb0023bfee3344a7b5490abc8cdab
N-H996,N-H996_SISH.pdf,Source_Files/N-H996_SISH.pdf,1524278,8d6d5fa4a9aa4d87b2fd02c333837a7d
N-H998,N-H998_WISH.pdf,Source_Files/N-H998_WISH.pdf,919113,54f28a2689ac262cb69047df778b67ae
N-H99A,N-H99A_VISH.pdf,Source_Files/N-H99A_VISH.pdf,1375033,1538042db2871d0a94d6f2d735abec00
N-H99C,N-H99C_hyb_solution_guide.pdf,Source_Files/N-H99C_hyb_solution_guide.pdf,38008,a7758264af6b177f9a2482ac74255e2b
N-H99E,N-H99E_PlasmidProbeCloning.pdf,Source_Files/N-H99E_PlasmidProbeCloning.pdf,39663,8b0388b2e01bcb34191807e7cc36453c
N-H99G,N-H99G_Annotation.pdf,Source_Files/N-H99G_Annotation.pdf,52100,48d7e0f0f20cbb2fbc0142567f582b35
N-H99J,N-H99J_FACS_analysis_for_E15.5_mouse_kidneys.pdf,Source_Files/N-H99J_FACS_analysis_for_E15.5_mouse_kidneys.pdf,32169,a389f6163b47aee948bd9faa5209f9f5
N-H99P,N-H99P_Preparing_OCT_blocks_of_kidney_tissue.pdf,Source_Files/N-H99P_Preparing_OCT_blocks_of_kidney_tissue.pdf,38254,fcba44493ce6f8d1731a16a83481aafa
N-H99R,N-H99R_Laser_Capture_Microdissection.pdf,Source_Files/N-H99R_Laser_Capture_Microdissection.pdf,30833,593f8fc5b22a36c4ed6c9dac4164aa6e
N-H99T,N-H99T_LCM_RNA_preparation.pdf,Source_Files/N-H99T_LCM_RNA_preparation.pdf,54975,d78080d81dbc58fe07300f72076c3ddb
N-H99Y,N-H99Y_Processing_slides_for_LCM.pdf,Source_Files/N-H99Y_Processing_slides_for_LCM.pdf,40448,4b51422f405c028258581bde1f624eb1
N-H9A6,N-H9A6_Sectioning.pdf,Source_Files/N-H9A6_Sectioning.pdf,51832,30404435a201851d3ce27cf8157099c7
N-H9A8,N-H9A8_Target_Amplification.pdf,Source_Files/N-H9A8_Target_Amplification.pdf,23104,fed77f2d2947dfddea8514c89adc6450
N-H9AA,N-H9AA_Cryosection_IHC_Protocol_11-27-2015.pdf,Source_Files/N-H9AA_Cryosection_IHC_Protocol_11-27-2015.pdf,86210,1e5eeed94a05c0ccc65290ded96f4b28
N-H9AJ,N-H9AJ_Cupric_Sulfate_Auto-Flour_Quenching_11-27-2015.pdf,Source_Files/N-H9AJ_Cupric_Sulfate_Auto-Flour_Quenching_11-27-2015.pdf,51046,52d78851bc2d696e8fe17113c39bc7c7
N-H9AR,N-H9AR_DRG_Dissociation_and_flow_sorting_GUDMAP_11-27-2015v2.pdf,Source_Files/N-H9AR_DRG_Dissociation_and_flow_sorting_GUDMAP_11-27-2015v2.pdf,1093246,ff4000d221b2a49d67342bdd5edb1b30
N-H9AW,N-H9AW_RNAisolation_FlowSortCells_GUDMAP_112715v2.pdf,Source_Files/N-H9AW_RNAisolation_FlowSortCells_GUDMAP_112715v2.pdf,149138,88be7f8d045b0aefc121896f0b478da8
N-H9B0,N-H9B0_Jain_Adult_DRG_dissociation_FACS.pdf,Source_Files/N-H9B0_Jain_Adult_DRG_dissociation_FACS.pdf,66251,d39ba71508ca4b06295023f1aed71603
N-H9B2,N-H9B2_Jain_E12_5_E14_5_DRG_dissociation_FACS.pdf,Source_Files/N-H9B2_Jain_E12_5_E14_5_DRG_dissociation_FACS.pdf,63050,58f5d4eedd513785d2742e7430e0d06d
N-H9B4,N-H9B4_Jainlab_RNA-seq_QC-GUDMAP.pdf,Source_Files/N-H9B4_Jainlab_RNA-seq_QC-GUDMAP.pdf,337604,59cbc3ef48221f7c220fa9cfe848b8d7
N-H9B6,N-H9B6_Jain_E18_5_DRG_dissociation_FACS.pdf,Source_Files/N-H9B6_Jain_E18_5_DRG_dissociation_FACS.pdf,63814,8e2382b014b5b38b07d6db844e3d7178
N-H9B8,N-H9B8_Library_construction_protocol_for_nanogram_amounts_of_total_RNA_for_RNAseq-HIGH_VOLUME.pdf,Source_Files/N-H9B8_Library_construction_protocol_for_nanogram_amounts_of_total_RNA_for_RNAseq-HIGH_VOLUME.pdf,57140,e5d3b6a335b8e6d8303af10955030c16
N-H9BE,N-H9BE_Ahern_Group_Protocols_Mapping_TRPV1cre.mov,Source_Files/N-H9BE_Ahern_Group_Protocols_Mapping_TRPV1cre.mov,1229066,3243ba7358fe09698d7f5ec2bb9ba346
N-H9BG,N-H9BG_Ahern_Group_Protocols_wholemount_imaging_of_TRPV1cre.pdf,Source_Files/N-H9BG_Ahern_Group_Protocols_wholemount_imaging_of_TRPV1cre.pdf,112811,f75d06e315c7579e49d06601975c538a
N-H9BM,N-H9BM_FACS_Protocol.pdf,Source_Files/N-H9BM_FACS_Protocol.pdf,80462,34af2bfae126174baf67fd03885e9c51
N-H9BR,N-H9BR_RNA_extraction_and_sample_preparation_for_Affymetrix_Gene_1.pdf,Source_Files/N-H9BR_RNA_extraction_and_sample_preparation_for_Affymetrix_Gene_1.pdf,62379,b7ea0edcdbf1e7f15393db431f5d8c7c
N-H9BW,N-H9BW_COHN_Sex_Genotyping.pdf,Source_Files/N-H9BW_COHN_Sex_Genotyping.pdf,133495,972ff9fe8324afe8a8753df8d4bf4497
N-H9BY,N-H9BY_Cohn_OPT_Protocol.pdf,Source_Files/N-H9BY_Cohn_OPT_Protocol.pdf,50582,dc7bcfa2dcdfd1bb7fb047c8b16bb049
N-H9C0,N-H9C0_Cohn_Riboprobe_Protocol.pdf,Source_Files/N-H9C0_Cohn_Riboprobe_Protocol.pdf,94110,32bb571c518c0b0ad04c0a19b64e5686
N-H9C2,N-H9C2_Cohn_WISH_Protocol.pdf,Source_Files/N-H9C2_Cohn_WISH_Protocol.pdf,118440,fe41890ddf8edf3be607fc0c13cbeac6
N-H9C4,N-H9C4_Fluorescent_Immunocytochemistry_Protocol_on_Frozen_sections.pdf,Source_Files/N-H9C4_Fluorescent_Immunocytochemistry_Protocol_on_Frozen_sections.pdf,33360,9803127174d5ca7e3adac94f7c9c054f
N-H9C6,N-H9C6_Microarrays.pdf,Source_Files/N-H9C6_Microarrays.pdf,23899,440fe26f43abb6412cf13dd9e17a64cb
N-H9C8,N-H9C8_RNA_amplification_and_labeling_of_LCM_samples_for_microarrays.pdf,Source_Files/N-H9C8_RNA_amplification_and_labeling_of_LCM_samples_for_microarrays.pdf,40712,7ff4394ba1e9b172678d773153632241
N-H9CA,N-H9CA_RNA_isolation_from_LCM_samples.pdf,Source_Files/N-H9CA_RNA_isolation_from_LCM_samples.pdf,30470,cc184c4a5244783afa3282b4a4aa55e1
N-H9CC,N-H9CC_RNA_isolation_from_whole_testis.pdf,Source_Files/N-H9CC_RNA_isolation_from_whole_testis.pdf,38880,4bbb2c3c64b194eda3ffe936017f65e7
N-H9CE,N-H9CE_Staining_of_frozen_sections_for_LCM.pdf,Source_Files/N-H9CE_Staining_of_frozen_sections_for_LCM.pdf,25936,a66ac7b3f3684ecd820c2d0870e91dec
N-H9CG,N-H9CG_Whole-Mount_Indirect_Fluorescent_Immunohistochemistry___Double_or_multiple_staining.pdf,Source_Files/N-H9CG_Whole-Mount_Indirect_Fluorescent_Immunohistochemistry___Double_or_multiple_staining.pdf,36977,fb172d6859fc762752689d7142a0c1d9
N-H9CJ,N-H9CJ_Keast_protocol_cryosections_190314.pdf,Source_Files/N-H9CJ_Keast_protocol_cryosections_190314.pdf,88105,1a8e9875ac64f6254c0b4c3b2f56f5b2
N-H9CM,N-H9CM_Keast_protocol_FACS_DRGs.pdf,Source_Files/N-H9CM_Keast_protocol_FACS_DRGs.pdf,201103,46bcf43c1cf69ba863b47cada72c25a3
N-H9CP,N-H9CP_Keast_protocol_PLAP_StainingFINAL.pdf,Source_Files/N-H9CP_Keast_protocol_PLAP_StainingFINAL.pdf,65912,1b134942bf0377360c8efde3d50c34a6
N-H9CR,N-H9CR_Keast_protocol_PLAP_WholeMount.pdf,Source_Files/N-H9CR_Keast_protocol_PLAP_WholeMount.pdf,237270,7aed04e2dbf0cead53a94b9f5ba5fe70
N-H9CT,N-H9CT_Digoxigenin-11-UTP-Labeled_Riboprobe_Synthesis.pdf,Source_Files/N-H9CT_Digoxigenin-11-UTP-Labeled_Riboprobe_Synthesis.pdf,82201,d4edc79c3e4a36ec067b9737e22a53d7
N-H9CW,N-H9CW_Immunohistochemistry__IHC__for_In-situ_Hybridization__ISH_-stained_Mouse_Sections.pdf,Source_Files/N-H9CW_Immunohistochemistry__IHC__for_In-situ_Hybridization__ISH_-stained_Mouse_Sections.pdf,69592,caf02482f6ac109c3538ca6daded79bd
N-H9CY,N-H9CY_In-situ_Hybridization_on_Vibrating_Microtome-cut_Mouse_Tissue_Sections.pdf,Source_Files/N-H9CY_In-situ_Hybridization_on_Vibrating_Microtome-cut_Mouse_Tissue_Sections.pdf,139641,e9176cf410a64e00d1228df2f18a2d73
N-H9D0,N-H9D0_Sectioning_of_Paraformaldehyde-fixed_Mouse_Urogenital_Sinus__UGS__Tissues_with_a_Vibrating_Microtome.pdf,Source_Files/N-H9D0_Sectioning_of_Paraformaldehyde-fixed_Mouse_Urogenital_Sinus__UGS__Tissues_with_a_Vibrating_Microtome.pdf,82846,f7ed7c425452ee80b6bfdfc10ad90a03
N-H9D2,N-H9D2_Mendelsohn_Riboprobe_Protocol.pdf,Source_Files/N-H9D2_Mendelsohn_Riboprobe_Protocol.pdf,102064,a9acc955b0dfaa95d545b9ea34fedbe0
N-H9D4,N-H9D4_Mendelsohn__ISH_Protocol.pdf,Source_Files/N-H9D4_Mendelsohn__ISH_Protocol.pdf,116765,65638fd8bca45669bac28f6d172c776b
N-H9D6,N-H9D6_Ahern_Group_Protocols_arteriole_isolation.pdf,Source_Files/N-H9D6_Ahern_Group_Protocols_arteriole_isolation.pdf,62106,764fdc3c6fd44dcf9db8115cc71c699b
