Record ID,Protocol_RID,Label,Caption,File_Name,File_URI,File_Bytes,File_MD5,Release_Date,Consortium,Record Creation Time,Record Modified Time
17-E8V2,17-E8P0,Recipe for mBPEL medium,,17-E8P0_BPEL_recipe_for_RBK.jpg,Source_Files/17-E8P0_BPEL_recipe_for_RBK.jpg,121020,b7b7d778c27fe2fbc81fcd296ed5caef,2021-08-08,RBK,2021-08-06T03:20:56.127262+00:00,2021-08-08T21:59:57.591366+00:00
17-E8V4,17-E8P0,Recipe for Stage II medium,,17-E8P0_stage_II_recipe_for_RBK.jpg,Source_Files/17-E8P0_stage_II_recipe_for_RBK.jpg,128943,c1c8fd355c4b1a913c93085b1bbdef33,2021-08-08,RBK,2021-08-06T03:21:42.211076+00:00,2021-08-08T22:03:24.948933+00:00
17-E8V6,17-E8P0,Figure 2,,17-E8P0_Figure_2.docx,Source_Files/17-E8P0_Figure_2.docx,720512,73ffa182c9b1110ae70ac1488fce5fad,2021-08-08,RBK,2021-08-06T03:27:19.626739+00:00,2021-08-08T22:03:53.13513+00:00
17-E8V8,17-E8P0,Figure 3,,17-E8P0_Figure_3.docx,Source_Files/17-E8P0_Figure_3.docx,538245,6afb67af868ea78f1172f9a4ce208307,2021-08-08,RBK,2021-08-06T03:27:54.670336+00:00,2021-08-08T22:03:53.986058+00:00
17-E8VA,17-E8P0,Figure 4,,17-E8P0_Figure_4.docx,Source_Files/17-E8P0_Figure_4.docx,342509,a2bebf055e8734b6e9eb19eb056e8cac,2021-08-08,RBK,2021-08-06T03:28:14.307594+00:00,2021-08-08T22:03:57.10039+00:00
17-E9MW,17-DSQ0,E5-ILP medium composition,"Pipette all the reagents except the chemically defined lipids and anti-mycoplasma reagent directly into the upper chamber of a 0.22 µm Stericup filtration unit. After filtration, add the lipids and anti-mycoplasma reagent. Store at 4 °C for up to two weeks.",17-DSQ0_E5-ILP-table1.png,Source_Files/17-DSQ0_E5-ILP-table1.png,50697,89920846ea7657412fbdf70fd8f12945,2022-06-30,RBK,2021-09-07T21:45:45.959262+00:00,2022-06-30T19:58:39.749816+00:00
17-E9MY,17-DSQ0,Stage II medium composition,"Pipette all the reagents except and anti-mycoplasma reagent directly into the upper chamber of a 0.22 µm Stericup filtration unit. Once filtered, add anti-mycoplasma reagent. Store at 4 °C for up to two weeks",17-DSQ0_Stage2-table2.png,Source_Files/17-DSQ0_Stage2-table2.png,59151,491d0055f5cd5754b8980e1189ca188e,2022-06-30,RBK,2021-09-07T21:50:04.956934+00:00,2022-06-30T19:58:39.749816+00:00
17-H2V4,17-H2V0,Expectations of success,,17-H2V0_Organoid_tubules.png,Source_Files/17-H2V0_Organoid_tubules.png,192869,dc65b1cc47836355607bfeb0d2580831,,RBK,2022-03-21T21:10:22.353057+00:00,2022-03-21T21:10:22.353057+00:00
17-H2V6,17-H2V0,0.1 ml bubble in Petri dish,,17-H2V0_bubble.png,Source_Files/17-H2V0_bubble.png,205180,63a06cfd1a36f403025927d5ccc798b5,,RBK,2022-03-21T21:17:49.843587+00:00,2022-03-21T21:17:49.843587+00:00
17-H3X8,17-H3TG,Figure1,,17-H3TG_Figure1.png,Source_Files/17-H3TG_Figure1.png,1095492,110991d2c2569b53e428e20ce21591f5,,RBK,2022-04-16T21:27:26.848849+00:00,2022-04-16T21:27:26.848849+00:00
17-H3XA,17-H3TG,Figure2,,17-H3TG_Figure2.png,Source_Files/17-H3TG_Figure2.png,1887591,a751bffe6d63db076c05b782cd7c37d8,,RBK,2022-04-16T21:29:19.296924+00:00,2022-04-16T21:29:19.296924+00:00
17-H3XE,17-H3TG,anticipated results,,17-H3TG_Anticipated_results.png,Source_Files/17-H3TG_Anticipated_results.png,173993,5fb24f01efe95ca616fc329d198d926c,,RBK,2022-04-16T21:34:29.211812+00:00,2022-04-16T21:34:29.211812+00:00
17-H3XG,17-H3TG,Solutions,,17-H3TG_Solutions.png,Source_Files/17-H3TG_Solutions.png,41652,9f15dfbdc9ea86fff85d4d9ca88dbfee,,RBK,2022-04-18T04:33:11.078998+00:00,2022-04-18T04:33:11.078998+00:00
17-H494,17-H480,chamber 1,,17-H480_Figure1.png,Source_Files/17-H480_Figure1.png,1095492,110991d2c2569b53e428e20ce21591f5,,RBK,2022-06-29T13:47:03.950526+00:00,2022-06-29T16:41:00.97995+00:00
17-H496,17-H480,chamber 2,,17-H480_Figure2.png,Source_Files/17-H480_Figure2.png,1887591,a751bffe6d63db076c05b782cd7c37d8,,RBK,2022-06-29T13:48:31.207618+00:00,2022-06-29T16:41:19.750325+00:00
17-H498,17-H480,Anticipated results Ca2+,,17-H480_Anticipated_results_Ca2_.png,Source_Files/17-H480_Anticipated_results_Ca2_.png,141157,38236ee22bfd3251ecd4df872256383b,,RBK,2022-06-29T13:52:37.933827+00:00,2022-06-29T13:52:37.933827+00:00
17-H49T,17-H480,Na+ solutions,,17-H480_Na__solutions.png,Source_Files/17-H480_Na__solutions.png,16525,e7a0a4262bb2789b046356f638a71eba,,RBK,2022-06-29T16:51:00.235974+00:00,2022-06-29T16:51:00.235974+00:00
17-H4AE,17-H49J,Na+ solutions,,17-H49J_Na__solutions.png,Source_Files/17-H49J_Na__solutions.png,16525,e7a0a4262bb2789b046356f638a71eba,,RBK,2022-06-29T17:04:30.467691+00:00,2022-06-29T17:04:30.467691+00:00
17-H4AG,17-H49J,Anticipated results Na+,,17-H49J_Anticipated_results_Na_.png,Source_Files/17-H49J_Anticipated_results_Na_.png,162218,ef8301a7980b3dc6065585c68e750785,,RBK,2022-06-29T17:05:15.412758+00:00,2022-06-29T17:05:15.412758+00:00
17-H4AJ,17-H49J,chamber1,,17-H49J_Figure1.png,Source_Files/17-H49J_Figure1.png,1095492,110991d2c2569b53e428e20ce21591f5,,RBK,2022-06-29T17:05:43.042045+00:00,2022-06-29T17:05:43.042045+00:00
17-H4AM,17-H49J,chamber 2,,17-H49J_Figure2.png,Source_Files/17-H49J_Figure2.png,1887591,a751bffe6d63db076c05b782cd7c37d8,,RBK,2022-06-29T17:06:04.17679+00:00,2022-06-29T17:06:04.17679+00:00
17-H4Q4,17-H31R,Figure 1: a-f,,17-H31R_protocol-17-H31R-figures.png,Source_Files/17-H31R_protocol-17-H31R-figures.png,45992,892b54752b48ea0b071dcc277ab830cd,2022-07-08,RBK,2022-07-08T23:35:34.304071+00:00,2022-07-08T23:42:40.884344+00:00
N-H9F4,N-H994,Photo of BioLane HTI Robot,,N-H994_figure-1.jpg,Source_Files/N-H994_figure-1.jpg,5879,92f81f17aaf9314a249e545752b28984,2017-08-04,RBK,2017-08-04T23:06:51.658032+00:00,2018-05-25T03:51:34.687757+00:00
N-H9F6,N-H994,2nd photo of BioLane HTI Robot,,N-H994_figure-2.jpg,Source_Files/N-H994_figure-2.jpg,5089,b196a41c96861a6144accf975a48af77,2017-08-04,RBK,2017-08-04T23:08:28.004731+00:00,2018-05-25T03:51:34.687757+00:00
N-H9F8,N-H9DC,Image Checker - Screenshot 1,,N-H9DC_ImageCheck1.png,Source_Files/N-H9DC_ImageCheck1.png,38959,d6c2e546cc2b1e039ac86e0e5e169279,2017-09-20,RBK,2017-09-20T19:12:20.44558+00:00,2018-05-25T03:51:34.687757+00:00
N-H9FA,N-H9DT,Heatmap example,,N-H9DT_Heatmap.png,Source_Files/N-H9DT_Heatmap.png,206450,f44e0d84e64e3c5bc5b292739d06ea4a,2017-09-20,RBK,2017-09-20T20:49:18.912573+00:00,2018-05-25T03:51:34.687757+00:00
N-H9FC,N-H9DC,Image Checker Screenshot 2,,N-H9DC_ImageCheck2.png,Source_Files/N-H9DC_ImageCheck2.png,14445,b713ae59962a2aa63362defac52580d6,2017-09-20,RBK,2017-09-20T19:28:07.703318+00:00,2018-05-25T03:51:34.687757+00:00
N-H9FE,N-H9DC,Image Checker Screenshot 3,,N-H9DC_ImageCheck3.png,Source_Files/N-H9DC_ImageCheck3.png,21073,9b96c0bcda71b8f9afa612c57b5213ea,2017-09-20,RBK,2017-09-20T19:28:43.940325+00:00,2018-05-25T03:51:34.687757+00:00
N-H9FG,N-H9DC,Image Checker Screenshot 4,,N-H9DC_ImageCheck4.png,Source_Files/N-H9DC_ImageCheck4.png,35719,a4d23ea71eaf86618fdedafbf2e24732,2017-09-20,RBK,2017-09-20T19:29:22.498096+00:00,2018-05-25T03:51:34.687757+00:00
N-H9FJ,N-H9E0,Quality Control - ISH Pie Chart,,N-H9E0_QC_ISH_piechart.jpg,Source_Files/N-H9E0_QC_ISH_piechart.jpg,16932,6908373b1ae521baf41723e190b5b19a,2017-09-20,RBK,2017-09-20T20:52:33.919187+00:00,2018-05-25T03:51:34.687757+00:00
N-H9FM,N-H9BG,Mapping TRVP1-Lineage in Arteriolar Smooth Muscle of Bladder (original .MOV file),,N-H9BG_Ahern_Group_Protocols_Mapping_TRPV1cre.mov,Source_Files/N-H9BG_Ahern_Group_Protocols_Mapping_TRPV1cre.mov,1229066,3243ba7358fe09698d7f5ec2bb9ba346,2017-08-09,RBK,2017-08-09T19:27:42.999772+00:00,2018-05-25T03:51:34.687757+00:00
N-H9FP,N-H9BG,Mapping TRVP1-Lineage in Arteriolar Smooth Muscle of Bladder  (.mpeg file),,N-H9BG_Ahern_Group_Protocols_Mapping_TRPV1cre2.mpeg,Source_Files/N-H9BG_Ahern_Group_Protocols_Mapping_TRPV1cre2.mpeg,3434496,ce3dd23658d908e927c035864e13789e,2017-08-09,RBK,2017-08-09T19:28:57.407314+00:00,2018-05-25T03:51:34.687757+00:00
N-H9FR,N-H9E4,Flow diagram,,N-H9E4_Submission_Flow_Diagram_230410.jpg,Source_Files/N-H9E4_Submission_Flow_Diagram_230410.jpg,106925,f853f40314fa048ac09473b38e8999f4,2017-09-20,RBK,2017-09-20T21:15:20.30693+00:00,2018-05-25T03:51:34.687757+00:00
N-H9FT,N-H9AM,Figure1,Factor concentrations,N-H9AM_tablefactorconcentrations.png,Source_Files/N-H9AM_tablefactorconcentrations.png,119762,6c32d6c702b15f42463d1e07ac3b4b84,2016-05-26,RBK,2016-05-26T18:35:23+00:00,2019-07-16T01:04:49.192293+00:00
N-H9FW,N-H9AM,Figure2,Conical tubes,N-H9AM_conicaltubes.png,Source_Files/N-H9AM_conicaltubes.png,88744,9d1fcdfdf6535d25087e21fbab99c2fa,2016-05-26,RBK,2016-05-26T18:35:23+00:00,2019-07-16T01:04:49.192293+00:00
N-H9FY,N-H9AM,Figure3,Meniscus effect,N-H9AM_meniscuseffect.jpg,Source_Files/N-H9AM_meniscuseffect.jpg,171333,ba11e5c59b5aedc6c7f2fb50d783f42e,2016-05-26,RBK,2016-05-26T18:35:23+00:00,2019-07-16T01:04:49.192293+00:00
N-H9G0,N-H9AM,Figure4,Optimal passage density,N-H9AM_optimalpassagedensity.jpg,Source_Files/N-H9AM_optimalpassagedensity.jpg,185088,a6c9bff25b6eacca036a681c4dc8f931,2016-05-26,RBK,2016-05-26T18:35:23+00:00,2019-07-16T01:04:49.192293+00:00
N-H9G2,N-H99M,Figure 1,Cell culture media,N-H99M_media.jpg,Source_Files/N-H99M_media.jpg,52689,1d2bae3050d1bf46e0e1d5a6bbff13ba,2016-10-21,RBK,2016-10-21T14:25:00+00:00,2019-07-16T01:04:49.192293+00:00
N-H9G4,N-H9E8,assembling3DMPSDevices - Top Piece,,N-H9E8_assembling3DMPSDevices-topPiece.png,Source_Files/N-H9E8_assembling3DMPSDevices-topPiece.png,961188,cc36940f4900ae7eeef7999cb88b4301,2017-06-06,RBK,2017-06-06T20:26:22.384917+00:00,2022-08-05T08:34:18.911952+00:00
N-H9G6,N-H9E8,assembling3DMPSDevices - Bottom Piece 1,,N-H9E8_assembling3DMPSDevices-bottomPiece1.png,Source_Files/N-H9E8_assembling3DMPSDevices-bottomPiece1.png,282777,37bf2a3a1b90a8e41dff5d7ae55745c5,2017-06-06,RBK,2017-06-06T20:27:23.579385+00:00,2022-08-05T08:34:18.911952+00:00
N-H9G8,N-H9E8,assembling3DMPSDevices - Bottom Piece 2,,N-H9E8_assembling3DMPSDevices-bottomPiece2.png,Source_Files/N-H9E8_assembling3DMPSDevices-bottomPiece2.png,268599,59b901d23ad3b3686e18a60a2dfdd7e5,2017-06-06,RBK,2017-06-06T20:28:14.689507+00:00,2022-08-05T08:34:18.911952+00:00
N-H9GA,N-H9BP,Embedding 3D MPS Devices for Sectioning Figure1,,N-H9BP_Embedding_3D_MPS_Devices_for_Sectioning-figure1.png,Source_Files/N-H9BP_Embedding_3D_MPS_Devices_for_Sectioning-figure1.png,91160,14ca22c72e12d51138ab8d454450229e,2017-06-06,RBK,2017-06-06T21:51:50.637771+00:00,2022-08-05T08:34:18.911952+00:00
N-H9GC,N-H9BP,Embedding 3D MPS Devices for Sectioning Figure2,,N-H9BP_Embedding_3D_MPS_Devices_for_Sectioning-figure2.png,Source_Files/N-H9BP_Embedding_3D_MPS_Devices_for_Sectioning-figure2.png,32352,bf0161a2dde9097af0d33e0f471d163e,2017-06-06,RBK,2017-06-06T21:51:50.637771+00:00,2022-08-05T08:34:18.911952+00:00
N-H9GE,N-H9BP,Embedding 3D MPS Devices for Sectioning Figure3,,N-H9BP_Embedding_3D_MPS_Devices_for_Sectioning-figure3.png,Source_Files/N-H9BP_Embedding_3D_MPS_Devices_for_Sectioning-figure3.png,29000,1e07a45052b6110f183f4778f336a2ed,2017-06-06,RBK,2017-06-06T21:51:50.637771+00:00,2022-08-05T08:34:18.911952+00:00
N-H9GG,N-H9BP,Embedding 3D MPS Devices for Sectioning Figure4,,N-H9BP_Embedding_3D_MPS_Devices_for_Sectioning-figure4.png,Source_Files/N-H9BP_Embedding_3D_MPS_Devices_for_Sectioning-figure4.png,48517,adf86507ccac7acc1351243d7781e65c,2017-06-06,RBK,2017-06-06T21:51:50.637771+00:00,2022-08-05T08:34:18.911952+00:00
N-H9GJ,N-H9BP,Embedding 3D MPS Devices for Sectioning Figure5,,N-H9BP_Embedding_3D_MPS_Devices_for_Sectioning-figure5.png,Source_Files/N-H9BP_Embedding_3D_MPS_Devices_for_Sectioning-figure5.png,243331,751779ffa5acc029be2ee145662750fd,2017-06-06,RBK,2017-06-06T21:51:50.637771+00:00,2022-08-05T08:34:18.911952+00:00
N-H9GM,N-H9DJ,Probe Checker Screenshot 1,,N-H9DJ_Probe1.png,Source_Files/N-H9DJ_Probe1.png,138494,623b9577ca9b7c0778a7ac4655cbff76,2017-09-20,RBK,2017-09-20T20:34:08.140214+00:00,2018-05-25T03:51:34.687757+00:00
N-H9GP,N-H9DJ,Probe Checker Screenshot 2,,N-H9DJ_Probe2.png,Source_Files/N-H9DJ_Probe2.png,43784,4e3a654e1290068907407eefd604ac67,2017-09-20,RBK,2017-09-20T20:37:44.665543+00:00,2018-05-25T03:51:34.687757+00:00
N-H9GR,N-H9DG,Screenshot 1,,N-H9DG_Spreadsheet1.png,Source_Files/N-H9DG_Spreadsheet1.png,30358,aadb5ab7308f2c4a5c16bd331d77ce2d,2017-09-20,RBK,2017-09-20T20:41:55.982655+00:00,2018-05-25T03:51:34.687757+00:00
N-H9GT,N-H9DG,Screenshot 2,,N-H9DG_Spreadsheet2.png,Source_Files/N-H9DG_Spreadsheet2.png,11757,1336ddaf7ba5db1eacf41b1b12d6b8dc,2017-09-20,RBK,2017-09-20T20:42:34.54356+00:00,2018-05-25T03:51:34.687757+00:00
N-H9GW,N-H9DG,Screenshot 3,,N-H9DG_Spreadsheet3.png,Source_Files/N-H9DG_Spreadsheet3.png,14752,54f87f3f8f6c000f03c4c9f38d25dc58,2017-09-20,RBK,2017-09-20T20:43:32.930936+00:00,2018-05-25T03:51:34.687757+00:00
N-H9GY,N-H9DG,Screenshot 4,,N-H9DG_Spreadsheet4.png,Source_Files/N-H9DG_Spreadsheet4.png,19372,d0b489db6bd44c202485f8226b042142,2017-09-20,RBK,2017-09-20T20:44:06.403642+00:00,2018-05-25T03:51:34.687757+00:00
N-H9H0,N-H9DG,Screenshot 5,,N-H9DG_Spreadsheet5.png,Source_Files/N-H9DG_Spreadsheet5.png,26684,96eb6c2d71c5ffa6fb2d6b89e38d7ca7,2017-09-20,RBK,2017-09-20T20:44:35.721077+00:00,2018-05-25T03:51:34.687757+00:00
